Id,X_Coord,Y_Coord
1,2.3096988,5.956709
2,1.767767,6.767767
3,0.9567086,7.309699
4,0.0,7.5
5,-0.9567086,7.309699
6,-1.767767,6.767767
7,-2.3096988,5.956709
8,-2.5,5.0
9,-2.3096988,4.043292
10,-1.767767,3.2322328
11,-0.9567086,2.6903012
12,0.0,2.5
13,0.9567086,2.6903012
14,1.767767,3.2322328
15,2.3096988,4.043292
16,2.5,5.0
