{"index": 0, "density": 0.00027, "circle_speed_x": -6.123233995736766e-14, "circle_speed_y": -1000.0, "circle_impact_angle": 0}