INDEX,SIMULATION_TIME,SIMULATION_LENGTH,COMPLETED,INIT_SPEED,ANGLE
0,7.06533765792847,0.0140387304127216,True,1000,0
1,53.9532957077026,0.108228996396065,False,1600,0
