INDEX,SIMULATION_TIME,SIMULATION_LENGTH,COMPLETED,INIT_SPEED,ANGLE
0,25.9076955318451,0.0727061033248901,True,600,0
1,25.1814892292023,0.0723035261034966,True,600,20
