{"index": 1, "circle_speed_x": 880.6426920004593, "circle_speed_y": -10875.6934444398, "circle_speed_z": 4994.372888721401, "circle_speed": 12000, "circle_impact_angle_x": 80, "circle_impact_angle_y": 25, "circle_radius": 3.5}