{"index": 1, "density": 0.00027, "circle_speed_x": -1.2246467991473532e-13, "circle_speed_y": -2000.0, "circle_impact_angle": 0}