{"index": 1, "density": 0.00027, "circle_speed_x": 205.21208599540122, "circle_speed_y": -563.815572471545, "circle_impact_angle": 20}