{"index": 1, "density": 0.00027, "circle_speed_x": 519.6152422706632, "circle_speed_y": -299.99999999999994, "circle_impact_angle": 60}